{
  "project_info": {
    "project_number": "1076720680565",
    "project_id": "projetobanco-39652",
    "storage_bucket": "projetobanco-39652.firebasestorage.app"
  },
  "client": [
    {
      "client_info": {
        "mobilesdk_app_id": "1:1076720680565:android:6343d75af46e5e6760c23c",
        "android_client_info": {
          "package_name": "com.example.myapplication"
        }
      },
      "oauth_client": [],
      "api_key": [
        {
          "current_key": "AIzaSyBQL6tvvZb5rHz_oy25ObJZyU9gohzcNPE"
        }
      ],
      "services": {
        "appinvite_service": {
          "other_platform_oauth_client": []
        }
      }
    }
  ],
  "configuration_version": "1"
}